{
  "Users": [
    {
      "id": 1,
      "name": "User-1"
    },
    {
      "id": 2,
      "name": "User-2"
    },
    {
      "id": 3,
      "name": "User-3"
    }
  ],
  "Tasks": [
    {
      "Task": "Sample task -1",
      "Expiry_date": "10/21/2022",
      "User": 1,
      "Important": true,
      "Created_on": "01/10/2022",
      "id": "20"
    },
    {
      "Task": "Sample task -3",
      "Expiry_date": "05/30/2022",
      "User": 3,
      "Important": true,
      "Created_on": "01/10/2022",
      "id": "10"
    },
    {
      "Task": "Task-new",
      "Expiry_date": "2023-08-12",
      "User": "2",
      "important": true,
      "Created_on": "8/17/2023",
      "id": "6ed52645-d4c8-44f9-bdc1-6a7e8c2fda3a"
    },
    {
      "Task": "Task_8",
      "Expiry_date": "2023-08-20",
      "User": "3",
      "important": true,
      "Created_on": "8/17/2023",
      "id": "84b1a212-5032-4745-8c93-5bbe02ab90bb"
    }
  ]
}